8134330473,https://shop-phinf.pstatic.net/20230223_104/1677115268894wpUi4_JPEG/78251102703134597_50881913.jpg?type=m510
8129557204,https://shop-phinf.pstatic.net/20230222_66/16770303244621EK7e_JPEG/78166158268105644_608026765.jpg?type=m510
8117734686,https://shop-phinf.pstatic.net/20230220_121/1676869614067hTsko_JPEG/78005447886508400_2120820825.jpg?type=m510
8117731078,https://shop-phinf.pstatic.net/20230220_121/1676869614067hTsko_JPEG/78005447886508400_2120820825.jpg?type=m510
8117718965,https://shop-phinf.pstatic.net/20230220_121/1676869614067hTsko_JPEG/78005447886508400_2120820825.jpg?type=m510
8117580568,https://shop-phinf.pstatic.net/20230220_164/1676868245014DRLRq_JPEG/78004143722700688_854420388.jpg?type=m510
8117577213,https://shop-phinf.pstatic.net/20230220_164/1676868245014DRLRq_JPEG/78004143722700688_854420388.jpg?type=m510
8117573822,https://shop-phinf.pstatic.net/20230220_164/1676868245014DRLRq_JPEG/78004143722700688_854420388.jpg?type=m510
8117524914,https://shop-phinf.pstatic.net/20230220_205/1676867267265zvVqz_JPEG/78003050968316378_2028173479.jpg?type=m510
8117520163,https://shop-phinf.pstatic.net/20230220_205/1676867267265zvVqz_JPEG/78003050968316378_2028173479.jpg?type=m510
8117512723,https://shop-phinf.pstatic.net/20230220_205/1676867267265zvVqz_JPEG/78003050968316378_2028173479.jpg?type=m510
8116808031,https://shop-phinf.pstatic.net/20230220_114/1676860534352FbnzP_JPEG/77996369188217572_263011229.jpg?type=m510
8116804915,https://shop-phinf.pstatic.net/20230220_114/1676860534352FbnzP_JPEG/77996369188217572_263011229.jpg?type=m510
8116793102,https://shop-phinf.pstatic.net/20230220_114/1676860534352FbnzP_JPEG/77996369188217572_263011229.jpg?type=m510
8116622613,https://shop-phinf.pstatic.net/20230220_154/1676858373995nPoEr_JPEG/77994157704154826_939186148.jpg?type=m510
8116499664,https://shop-phinf.pstatic.net/20230220_274/1676857356461BhOYi_JPEG/77993245165622408_974061244.jpg?type=m510
8116461543,https://shop-phinf.pstatic.net/20230220_269/1676856853134xXzUK_JPEG/77992741845553251_2106293389.jpg?type=m510
8102154566,https://shop-phinf.pstatic.net/20230217_258/1676616109529dJ3lE_JPEG/77751952233137164_543858045.jpg?type=m510
8102148812,https://shop-phinf.pstatic.net/20230217_110/1676617982432cPx89_JPEG/77753881143933419_761610986.jpg?type=m510
8063258536,https://shop-phinf.pstatic.net/20230210_118/1676000161337w6IjX_JPEG/77135995139232497_1503346782.jpg?type=m510
8063248863,https://shop-phinf.pstatic.net/20230210_4/1675999949065QoUy3_JPEG/77135782882463072_358315426.jpg?type=m510
8063163060,https://shop-phinf.pstatic.net/20230210_103/1675997546980cAAGn_JPEG/77133389678688984_94472961.jpg?type=m510
8051853915,https://shop-phinf.pstatic.net/20230208_256/1675837433295c5K9E_JPEG/76973261125020227_1966767610.jpg?type=m510
8039488693,https://shop-phinf.pstatic.net/20230206_299/1675657906783nLz1D_JPEG/76793802518744327_798982096.jpg?type=m510
8039483958,https://shop-phinf.pstatic.net/20230206_128/16756570196022Id99_JPEG/76792918312844504_638672244.jpg?type=m510
8005602640,https://shop-phinf.pstatic.net/20230131_180/1675147998895POI0t_JPEG/76283894630287463_1337130243.jpg?type=m510
8005551350,https://shop-phinf.pstatic.net/20230131_1/16751469259014G92P_JPEG/76282705623431713_1894568654.jpg?type=m510
8005001383,https://shop-phinf.pstatic.net/20230131_156/1675142485997ucvFn_JPEG/76278269701866839_2068372624.jpg?type=m510
8004986281,https://shop-phinf.pstatic.net/20230131_8/16751422850919fTol_JPEG/76278068797501447_2107110350.jpg?type=m510
7986219815,https://shop-phinf.pstatic.net/20230128_277/1674842347631gyNuu_JPEG/75978182458637157_937492582.jpg?type=m510
7986204057,https://shop-phinf.pstatic.net/20230128_297/1674842166518oyGkO_JPEG/75978001340411915_2023427831.jpg?type=m510
7986201334,https://shop-phinf.pstatic.net/20230128_297/1674842166518oyGkO_JPEG/75978001340411915_2023427831.jpg?type=m510
7986199532,https://shop-phinf.pstatic.net/20230128_81/1674841961080RLtda_JPEG/75977795900911706_461914439.jpg?type=m510
7986196861,https://shop-phinf.pstatic.net/20230128_81/1674841961080RLtda_JPEG/75977795900911706_461914439.jpg?type=m510
7986188708,https://shop-phinf.pstatic.net/20230128_222/1674841692592BoXxc_JPEG/75977527428141982_1989106153.jpg?type=m510
7986184806,https://shop-phinf.pstatic.net/20230128_222/1674841692592BoXxc_JPEG/75977527428141982_1989106153.jpg?type=m510
7986179704,https://shop-phinf.pstatic.net/20230128_105/1674841115106FMD08_JPEG/75976948915565443_942508573.jpg?type=m510
7986173927,https://shop-phinf.pstatic.net/20230128_105/1674841115106FMD08_JPEG/75976948915565443_942508573.jpg?type=m510
7983779217,https://shop-phinf.pstatic.net/20230127_276/1674814013613I7zG7_JPEG/75949797313888631_1314950811.jpg?type=m510
7983772467,https://shop-phinf.pstatic.net/20230127_274/1674813842710DAfPn_JPEG/75949626410169163_1278434765.jpg?type=m510
7982535577,https://shop-phinf.pstatic.net/20230127_26/1674801951614ONK6s_JPEG/75937847338175312_1820814830.jpg?type=m510
7982452511,https://shop-phinf.pstatic.net/20230127_26/1674801951614ONK6s_JPEG/75937847338175312_1820814830.jpg?type=m510
7982241969,https://shop-phinf.pstatic.net/20230127_114/1674799301939GjkeR_JPEG/75935190634995972_89057486.jpg?type=m510
7977464620,https://shop-phinf.pstatic.net/20230126_1/16747114310719SRtm_JPEG/75847326794095869_1462958425.jpg?type=m510
7977257106,https://shop-phinf.pstatic.net/20230126_141/1674708797260nol9q_JPEG/75844625087373522_561404112.jpg?type=m510
7937557349,https://shop-phinf.pstatic.net/20230118_151/1674010013783NDdt2_JPEG/75145848587415518_543753487.jpg?type=m510
7937555761,https://shop-phinf.pstatic.net/20230118_151/1674010013783NDdt2_JPEG/75145848587415518_543753487.jpg?type=m510
7937532650,https://shop-phinf.pstatic.net/20230118_280/16740096142035QdYv_JPEG/75145502911800707_790748090.jpg?type=m510
7937531189,https://shop-phinf.pstatic.net/20230118_280/16740096142035QdYv_JPEG/75145502911800707_790748090.jpg?type=m510
7937514600,https://shop-phinf.pstatic.net/20230118_85/1674009345009EADg5_JPEG/75145233686068102_210165481.jpg?type=m510
7937512064,https://shop-phinf.pstatic.net/20230118_85/1674009345009EADg5_JPEG/75145233686068102_210165481.jpg?type=m510
7937488366,https://shop-phinf.pstatic.net/20230118_222/1674008855964lqcot_JPEG/75144744654876708_301215950.jpg?type=m510
7937482944,https://shop-phinf.pstatic.net/20230118_222/1674008855964lqcot_JPEG/75144744654876708_301215950.jpg?type=m510
7910849038,https://shop-phinf.pstatic.net/20230113_226/1673575528434t8JyR_JPEG/74711363258293974_1602829207.jpg?type=m510
7910836386,https://shop-phinf.pstatic.net/20230113_190/1673575369544skHIr_JPEG/74711204361215623_1886058982.jpg?type=m510
7899624789,https://shop-phinf.pstatic.net/20230111_271/1673401832322JQjvl_JPEG/74537675021553619_1375223378.jpg?type=m510
7899621257,https://shop-phinf.pstatic.net/20230111_209/1673401789470BtOTj_JPEG/74537632167976278_950245128.jpg?type=m510
7899618239,https://shop-phinf.pstatic.net/20230111_219/1673401746871gVOa2_JPEG/74537589566554058_1329337517.jpg?type=m510
7899614904,https://shop-phinf.pstatic.net/20230111_7/1673401701057YiijK_JPEG/74537543766409273_113082399.jpg?type=m510
7899610508,https://shop-phinf.pstatic.net/20230111_246/1673401620959EThik_JPEG/74537463665596509_1123120894.jpg?type=m510
7899608171,https://shop-phinf.pstatic.net/20230111_167/1673401576678UhOqO_JPEG/74537419383332989_1324440360.jpg?type=m510
7899604963,https://shop-phinf.pstatic.net/20230111_144/1673401502846i97py_JPEG/74537345556531593_1278318274.jpg?type=m510
7899599990,https://shop-phinf.pstatic.net/20230111_222/1673401456723P2Yqc_JPEG/74537299431364263_1078659731.jpg?type=m510
7899594795,https://shop-phinf.pstatic.net/20230111_262/16734013202032BBic_JPEG/74537162913023951_648205254.jpg?type=m510
7899562134,https://shop-phinf.pstatic.net/20230111_108/1673400783764SxaRh_JPEG/74536626474624564_683772161.jpg?type=m510
7899560450,https://shop-phinf.pstatic.net/20230111_173/1673400737248QKcuY_JPEG/74536579956085452_1290850078.jpg?type=m510
7899558414,https://shop-phinf.pstatic.net/20230111_180/1673400676363CNjuq_JPEG/74536519074893815_99592697.jpg?type=m510
7899555365,https://shop-phinf.pstatic.net/20230111_213/16734006001938RWDL_JPEG/74536442874601698_1155450076.jpg?type=m510
7899550429,https://shop-phinf.pstatic.net/20230111_66/1673400479080UzPhM_JPEG/74536321770746000_1071807133.jpg?type=m510
7899547623,https://shop-phinf.pstatic.net/20230111_176/1673400433861vff5O_JPEG/74536276550264899_132354269.jpg?type=m510
7899545195,https://shop-phinf.pstatic.net/20230111_190/1673400370471oGdaa_JPEG/74536213162110885_1376161648.jpg?type=m510
7899541927,https://shop-phinf.pstatic.net/20230111_262/1673400309858F80Lb_JPEG/74536152545934267_494922879.jpg?type=m510
7899537725,https://shop-phinf.pstatic.net/20230111_288/1673399906362l6txj_JPEG/74535749072916102_1236313974.jpg?type=m510
7820572417,https://shop-phinf.pstatic.net/20221227_207/1672122649977GTd5M_JPEG/73258477806569685_1707735737.jpg?type=m510
7820558563,https://shop-phinf.pstatic.net/20221227_143/1672122388420fCaOr_JPEG/73258216239367115_1458245685.jpg?type=m510
7820495541,https://shop-phinf.pstatic.net/20221227_170/1672121743310gnW20_JPEG/73257571138828704_435190585.jpg?type=m510
7820469158,https://shop-phinf.pstatic.net/20221227_85/1672121523227U9QEK_JPEG/73257351046301111_1483911704.jpg?type=m510
7820397854,https://shop-phinf.pstatic.net/20221227_15/1672120670484aAHpQ_JPEG/73256566211619407_811788378.jpg?type=m510
7820383637,https://shop-phinf.pstatic.net/20221227_75/1672120509838mj8Qn_JPEG/73256405574183190_1237587440.jpg?type=m510
7820373232,https://shop-phinf.pstatic.net/20221227_81/1672120196625bWeU9_JPEG/73256039338821620_1029499093.jpg?type=m510
7820348014,https://shop-phinf.pstatic.net/20221227_137/1672119780529dtifA_JPEG/73255623229101418_1146793708.jpg?type=m510
7820300711,https://shop-phinf.pstatic.net/20221227_234/1672119501204JB9cG_JPEG/73255343885305037_459610794.jpg?type=m510
7820255532,https://shop-phinf.pstatic.net/20221227_42/1672118969714CXNRM_JPEG/73254812426825059_1108029225.jpg?type=m510
7789591806,https://shop-phinf.pstatic.net/20221221_285/167158955362565VHv_JPEG/72725396319678518_543055535.jpg?type=m510
7784062122,https://shop-phinf.pstatic.net/20221220_190/1671511203545kLtsw_JPEG/72647092257980345_31072652.jpg?type=m510
7784053989,https://shop-phinf.pstatic.net/20221220_45/1671510421760i62mW_JPEG/72646310461262619_216703063.jpg?type=m510
7778605977,https://shop-phinf.pstatic.net/20221219_195/16714258667513s6N4_JPEG/72561646475266945_657776300.jpg?type=m510
7743854202,https://shop-phinf.pstatic.net/20230302_272/1677719425546O27Mg_JPEG/5022109428511463_1666623507.jpg?type=m510
7721645023,https://shop-phinf.pstatic.net/20221209_195/1670568228121OYaG5_JPEG/71704011825179336_1015593259.jpg?type=m510
7721634787,https://shop-phinf.pstatic.net/20221209_169/167056766820605bm0_JPEG/71703556909125184_817875593.jpg?type=m510
7703243121,https://shop-phinf.pstatic.net/20221206_129/16702995086823Jtjl_JPEG/71435354393356144_222838351.jpg?type=m510
7702485898,https://shop-phinf.pstatic.net/20221206_208/1670291706076BMpLK_JPEG/71427489792551521_515615798.jpg?type=m510
7680504877,https://shop-phinf.pstatic.net/20221202_154/1669959795282NAYX4_JPEG/71095683983333141_148524288.jpg?type=m510
7680467769,https://shop-phinf.pstatic.net/20221202_45/1669959057013VEnaA_JPEG/71094891838904339_1374529248.jpg?type=m510
7680346473,https://shop-phinf.pstatic.net/20221202_154/1669958130024Q3xxU_JPEG/71094028733210536_93661268.jpg?type=m510
7680318320,https://shop-phinf.pstatic.net/20221202_258/1669957698864azd89_JPEG/71093532675782552_1843162228.jpg?type=m510
7680296639,https://shop-phinf.pstatic.net/20221202_58/16699572760218pS3A_JPEG/71093118733594505_62192085.jpg?type=m510
7679258101,https://shop-phinf.pstatic.net/20221202_60/1669945614719eDvti_JPEG/71081503430323350_361088697.jpg?type=m510
7679251205,https://shop-phinf.pstatic.net/20221202_87/1669944795361GMhm5_JPEG/71080575071300731_1860273243.jpg?type=m510
7625336937,https://shop-phinf.pstatic.net/20221123_101/1669186135490vBguS_JPEG/70321970319980603_665955050.jpg?type=m510
7625295182,https://shop-phinf.pstatic.net/20221123_18/16691858355330rawm_JPEG/70321670341079671_1067854244.jpg?type=m510
7625288898,https://shop-phinf.pstatic.net/20221123_47/1669185710483JmGD2_JPEG/70321545296641722_797143531.jpg?type=m510
7625279230,https://shop-phinf.pstatic.net/20221123_149/1669185560754agDwy_JPEG/70321395576098798_1332993308.jpg?type=m510
7625264394,https://shop-phinf.pstatic.net/20221123_58/1669185198110U5mz2_JPEG/70321086797636288_27716523.jpg?type=m510
7625237946,https://shop-phinf.pstatic.net/20221123_56/1669185023038aXj1B_JPEG/70320911731014233_1637481052.jpg?type=m510
7625234178,https://shop-phinf.pstatic.net/20221123_218/1669184845387iRk5R_JPEG/70320734064706014_706092756.jpg?type=m510
7625206775,https://shop-phinf.pstatic.net/20221123_291/1669184615912OtFbD_JPEG/70320504594236559_1981898616.jpg?type=m510
7625194950,https://shop-phinf.pstatic.net/20221123_94/1669184430999K8TxU_JPEG/70320319708606248_13935020.jpg?type=m510
7625174816,https://shop-phinf.pstatic.net/20221123_140/1669184279258jtLip_JPEG/70320062969951991_1472510556.jpg?type=m510
7625170063,https://shop-phinf.pstatic.net/20221123_170/1669184172056vrGFL_JPEG/70319955767875077_2055341057.jpg?type=m510
7625135343,https://shop-phinf.pstatic.net/20221123_52/1669184116808zwDPG_JPEG/70319900497796370_1366200612.jpg?type=m510
7625130327,https://shop-phinf.pstatic.net/20221123_60/1669184099853NVr7R_JPEG/70319883542587533_1094051183.jpg?type=m510
7625085509,https://shop-phinf.pstatic.net/20221123_98/1669184075270x3N9x_JPEG/70319858963377882_1208698381.jpg?type=m510
7625035510,https://shop-phinf.pstatic.net/20221123_203/1669184033858uJpER_JPEG/70319817552101871_1168250034.jpg?type=m510
7624968431,https://shop-phinf.pstatic.net/20221123_207/1669183990905bDDEI_JPEG/70319774582453073_1066668768.jpg?type=m510
7624962465,https://shop-phinf.pstatic.net/20221123_97/1669181819925UhDaB_JPEG/70317665639987944_1253252938.jpg?type=m510
7624941937,https://shop-phinf.pstatic.net/20221123_186/1669181427480Y9TAU_JPEG/70317273164763175_836434396.jpg?type=m510
7612300732,https://shop-phinf.pstatic.net/20221121_129/16689971993098Se81_JPEG/70133045029547368_2003961325.jpg?type=m510
7612300089,https://shop-phinf.pstatic.net/20221121_129/16689971993098Se81_JPEG/70133045029547368_2003961325.jpg?type=m510
7612299034,https://shop-phinf.pstatic.net/20221121_129/16689971993098Se81_JPEG/70133045029547368_2003961325.jpg?type=m510
7612296347,https://shop-phinf.pstatic.net/20221121_210/1668997063781GsA6O_JPEG/70132909500904204_851328547.jpg?type=m510
7612295388,https://shop-phinf.pstatic.net/20221121_210/1668997063781GsA6O_JPEG/70132909500904204_851328547.jpg?type=m510
7612294573,https://shop-phinf.pstatic.net/20221121_210/1668997063781GsA6O_JPEG/70132909500904204_851328547.jpg?type=m510
7612291068,https://shop-phinf.pstatic.net/20221121_99/16689963697307G52T_JPEG/70132215447539411_1252329569.jpg?type=m510
7612287423,https://shop-phinf.pstatic.net/20221121_99/16689963697307G52T_JPEG/70132215447539411_1252329569.jpg?type=m510
7612274255,https://shop-phinf.pstatic.net/20221121_99/16689963697307G52T_JPEG/70132215447539411_1252329569.jpg?type=m510
7588004066,https://shop-phinf.pstatic.net/20221117_199/1668650741313Ou4gQ_JPEG/69786575113534378_1060581700.jpg?type=m510
7587775680,https://shop-phinf.pstatic.net/20221117_51/1668647668945scSse_JPEG/69783567624004561_820125963.jpg?type=m510
7575801705,https://shop-phinf.pstatic.net/20221115_170/1668486414112fTqIH_JPEG/69622312817682712_1252889730.jpg?type=m510
7575138323,https://shop-phinf.pstatic.net/20221115_152/1668479066755XvQFb_JPEG/69614846468826959_1175512562.jpg?type=m510
7575132921,https://shop-phinf.pstatic.net/20221115_206/1668478980319oQFLJ_JPEG/69614760037876333_528714681.jpg?type=m510
7575016445,https://shop-phinf.pstatic.net/20221115_290/1668477862554rf19j_JPEG/69613697383494449_287534610.jpg?type=m510
7575012325,https://shop-phinf.pstatic.net/20221115_8/1668477716081QcoUT_JPEG/69613550906411467_494507756.jpg?type=m510
7574872705,https://shop-phinf.pstatic.net/20221115_238/1668476211558i0tfa_JPEG/69612110264456532_1707314333.jpg?type=m510
7569484038,https://shop-phinf.pstatic.net/20221114_250/1668405804438txd1B_JPEG/69541700173908083_469255324.jpg?type=m510
7567501212,https://shop-phinf.pstatic.net/20221114_40/1668388473678Iv4KD_JPEG/69524316391539455_1009879911.jpg?type=m510
7551620507,https://shop-phinf.pstatic.net/20221111_21/1668145363214SwEsr_JPEG/69281251927189127_1204271680.jpg?type=m510
7551376950,https://shop-phinf.pstatic.net/20221111_160/1668142630154dDrlw_JPEG/69278457967642368_479534569.jpg?type=m510
7551221953,https://shop-phinf.pstatic.net/20221111_119/1668141025635BEzNJ_JPEG/69276868331189246_249335216.jpg?type=m510
7544613855,https://shop-phinf.pstatic.net/20221110_94/1668053268588ashtT_JPEG/69189103404100198_577425473.jpg?type=m510
7544283806,https://shop-phinf.pstatic.net/20221110_204/1668045889913EdKRn_JPEG/69181717740189181_1693761184.jpg?type=m510
7540014242,https://shop-phinf.pstatic.net/20221109_197/1667974075432uS8Oz_JPEG/69109910265509268_1921187908.jpg?type=m510
7539839865,https://shop-phinf.pstatic.net/20221109_300/1667972228604atnAB_JPEG/69108056429359126_857955436.jpg?type=m510
7539793630,https://shop-phinf.pstatic.net/20221109_295/1667971845016WvM5O_JPEG/69107672843782697_165075710.jpg?type=m510
7539741589,https://shop-phinf.pstatic.net/20221109_65/1667971183882QMImI_JPEG/69106967582043882_1151426316.jpg?type=m510
7539650373,https://shop-phinf.pstatic.net/20221109_52/1667969887317sQt2A_JPEG/69105730015178397_1921399704.jpg?type=m510
7525266854,https://shop-phinf.pstatic.net/20221107_230/1667801373696PcgwE_JPEG/68937153410901877_1039887849.jpg?type=m510
7525136716,https://shop-phinf.pstatic.net/20221107_285/1667800226215AB0GX_JPEG/68936121948299886_1714012048.jpg?type=m510
7524944539,https://shop-phinf.pstatic.net/20221107_162/1667798370003YjujJ_JPEG/68934258715936910_373953661.jpg?type=m510
7524684323,https://shop-phinf.pstatic.net/20221107_91/1667795091765GH0J6_JPEG/68930919584452230_463699311.jpg?type=m510
7514594597,https://shop-phinf.pstatic.net/20221104_300/1667544972011hw7e4_JPEG/68680867743428844_118345624.jpg?type=m510
7514385291,https://shop-phinf.pstatic.net/20221104_168/1667540499283o6yBz_JPEG/68676341992895591_1625905523.jpg?type=m510
7510538613,https://shop-phinf.pstatic.net/20221103_183/1667450651285ziafr_JPEG/68586547012241701_486258462.jpg?type=m510
7510534721,https://shop-phinf.pstatic.net/20221103_267/16674506394497xN2H_JPEG/68586535173016383_623703417.jpg?type=m510
7510521682,https://shop-phinf.pstatic.net/20221103_151/16674506310040Luk4_JPEG/68586526729934427_1864319811.jpg?type=m510
7510502061,https://shop-phinf.pstatic.net/20221103_285/1667450625048RiT8q_JPEG/68586520772664798_1838763230.jpg?type=m510
7510497195,https://shop-phinf.pstatic.net/20221103_81/1667450619964LmtVX_JPEG/68586515690025590_427712385.jpg?type=m510
7510474088,https://shop-phinf.pstatic.net/20221103_60/1667450611224SxX0t_JPEG/68586506951550988_595419789.jpg?type=m510
7451347703,https://shop-phinf.pstatic.net/20221025_136/1666661447096gPNNg_JPEG/67797280903809566_549495461.jpg?type=m510
7445422019,https://shop-phinf.pstatic.net/20221024_249/1666587191000RbAqx_JPEG/67723036700752244_399243039.jpg?type=m510
7414223074,https://shop-phinf.pstatic.net/20221019_183/1666157173993ikM4t_JPEG/67293019710613058_2102106778.jpg?type=m510
7413320451,https://shop-phinf.pstatic.net/20221019_180/1666148064170BKmQm_JPEG/67283847883567426_1362514583.jpg?type=m510
7413313673,https://shop-phinf.pstatic.net/20221019_218/1666147855285b8Ybx_JPEG/67283638985835797_590199301.jpg?type=m510
7361654104,https://shop-phinf.pstatic.net/20221011_109/166545607728167Cdp_JPEG/66591919981150794_1845805234.jpg?type=m510
7361633530,https://shop-phinf.pstatic.net/20221011_269/1665455728884injjJ_JPEG/66591512580813012_1664773992.jpg?type=m510
7336689303,https://shop-phinf.pstatic.net/20221007_217/1665106779157Vcl6R_JPEG/66242674889793208_466279106.jpg?type=m510
7323280288,https://shop-phinf.pstatic.net/20221005_261/16649362694513AAcw_JPEG/66072053149604410_16119079.jpg?type=m510
7317134797,https://shop-phinf.pstatic.net/20221004_119/1664861770557HK6ez_JPEG/65997669268754686_1337690080.jpg?type=m510
7315927364,https://shop-phinf.pstatic.net/20221004_286/1664848281880dgxkw_JPEG/65984177615613992_1198946125.jpg?type=m510
7315667662,https://shop-phinf.pstatic.net/20221004_241/1664845140531Tmdht_JPEG/65981039222304194_624847680.jpg?type=m510
7291394698,https://shop-phinf.pstatic.net/20220930_117/1664521040646ItUP2_JPEG/65656868472716437_1961439373.jpg?type=m510
7290704085,https://shop-phinf.pstatic.net/20220930_79/1664513116999MkvNf_JPEG/65648944825737941_1434514783.jpg?type=m510
7289510804,https://shop-phinf.pstatic.net/20220930_300/1664501419704PjQ0R_JPEG/65637199429373518_1049245709.jpg?type=m510
7289505192,https://shop-phinf.pstatic.net/20220930_83/1664500741524cY9fe_JPEG/65636587244549594_571373753.jpg?type=m510
7277091629,https://shop-phinf.pstatic.net/20220928_68/1664336471901U129q_JPEG/65472367599582346_70115164.jpg?type=m510
7276783771,https://shop-phinf.pstatic.net/20220928_257/166433332535583yxc_JPEG/65469214041402874_1434824086.jpg?type=m510
7276604428,https://shop-phinf.pstatic.net/20220928_117/1664331543205zfdAS_JPEG/65467441861549503_778575465.jpg?type=m510
7276480943,https://shop-phinf.pstatic.net/20220928_194/1664330345010ub4aw_JPEG/65466179815290116_230973754.jpg?type=m510
7276266574,https://shop-phinf.pstatic.net/20220928_131/16643276405755viO3_JPEG/65463420283197554_1786501467.jpg?type=m510
7276253930,https://shop-phinf.pstatic.net/20220928_260/1664327635696j9eWL_JPEG/65463415397749767_1275133701.jpg?type=m510
7271005968,https://shop-phinf.pstatic.net/20220927_292/1664259699798wusij_JPEG/65395598508266233_262338115.jpg?type=m510
7270562023,https://shop-phinf.pstatic.net/20220927_266/1664255872272gkVv8_JPEG/65391714970652052_1603154488.jpg?type=m510
7270495209,https://shop-phinf.pstatic.net/20220927_167/1664254996075x046i_JPEG/65390838777248700_1020608115.jpg?type=m510
7189805209,https://shop-phinf.pstatic.net/20220915_217/1663215099283BzQUe_JPEG/64350882978971632_930109.jpg?type=m510
7119290084,https://shop-phinf.pstatic.net/20220901_53/1662013146740LqErI_JPEG/63149042473571491_504198917.jpg?type=m510
7108612006,https://shop-phinf.pstatic.net/20220830_275/1661841162175Fm0Co_JPEG/62977060875562401_46043679.jpg?type=m510
7081261393,https://shop-phinf.pstatic.net/20220824_212/1661306889937U6Wjq_JPEG/62442735641514782_1433569073.jpg?type=m510
7077430534,https://shop-phinf.pstatic.net/20220823_268/1661235595414nqfiA_JPEG/62371494104364092_1451801599.jpg?type=m510
7077095306,https://shop-phinf.pstatic.net/20220823_18/1661228941716XqvbY_JPEG/62364776549320250_180463006.jpg?type=m510
7076647424,https://shop-phinf.pstatic.net/20220823_218/1661219173349kV0hs_JPEG/62355016048288578_962787829.jpg?type=m510
7073104974,https://shop-phinf.pstatic.net/20220822_173/1661134573890mavGr_JPEG/62270357606817953_440271593.jpg?type=m510
7060497208,https://shop-phinf.pstatic.net/20220819_18/1660876689919t8D4z_JPEG/62012535635767227_649536140.jpg?type=m510
7060494192,https://shop-phinf.pstatic.net/20220819_36/1660876553177yKFY0_JPEG/62012381001002201_9488892.jpg?type=m510
7060489090,https://shop-phinf.pstatic.net/20220819_267/1660876488776mt6EX_JPEG/62012316603010155_586262130.jpg?type=m510
7060474542,https://shop-phinf.pstatic.net/20220819_291/1660876159822tfl7h_JPEG/62011987625028573_48909090.jpg?type=m510
7060472643,https://shop-phinf.pstatic.net/20220819_43/1660876034520qybfx_JPEG/62011862326261963_1005772897.jpg?type=m510
7060442071,https://shop-phinf.pstatic.net/20220819_6/1660875432858bufxk_JPEG/62011260665377065_1524675315.jpg?type=m510
7060440344,https://shop-phinf.pstatic.net/20220819_191/1660875395425JcDKh_JPEG/62011223228297112_1847385550.jpg?type=m510
7060435833,https://shop-phinf.pstatic.net/20220819_17/1660875061767g4BCv_JPEG/62010889590430924_927968556.jpg?type=m510
7060416557,https://shop-phinf.pstatic.net/20220819_54/1660874960662vQiqA_JPEG/62010788470305457_714692105.jpg?type=m510
7060412860,https://shop-phinf.pstatic.net/20220819_28/1660874870248lQLMl_JPEG/62010697994675019_2006000707.jpg?type=m510
7060404308,https://shop-phinf.pstatic.net/20220819_106/1660874107730t3xAd_JPEG/62009953447242177_1006606254.jpg?type=m510
7020108439,https://shop-phinf.pstatic.net/20220809_251/1660026369857lnUmm_JPEG/61162268565693485_1561540086.jpg?type=m510
7019837861,https://shop-phinf.pstatic.net/20220809_53/16600213072746q2pg_JPEG/61157086997589006_407004283.jpg?type=m510
7019387445,https://shop-phinf.pstatic.net/20220809_263/1660010118065BEB00_JPEG/61145945880798034_2120143572.jpg?type=m510
7015809330,https://shop-phinf.pstatic.net/20220808_194/1659936469721dC0e0_JPEG/61072358411385322_972288300.jpg?type=m510
7004595217,https://shop-phinf.pstatic.net/20220805_189/1659684037838VSVwL_JPEG/60819926535729833_605853692.jpg?type=m510
7004138579,https://shop-phinf.pstatic.net/20220805_234/1659676724283PmTaU_JPEG/60812558079530749_1707854496.jpg?type=m510
7004132680,https://shop-phinf.pstatic.net/20220805_1/1659676669084xCpvO_JPEG/60812502874480620_901237246.jpg?type=m510
7004124486,https://shop-phinf.pstatic.net/20220805_81/1659676475154yMPVb_JPEG/60812308973417318_1488744694.jpg?type=m510
7003995533,https://shop-phinf.pstatic.net/20220805_89/1659674075039qEmIK_JPEG/60809970774576071_1958486979.jpg?type=m510
7003993332,https://shop-phinf.pstatic.net/20220805_221/16596740164091KBxh_JPEG/60809912141863614_2074292029.jpg?type=m510
7003990210,https://shop-phinf.pstatic.net/20220805_191/1659673832311A5vcj_JPEG/60809728042710750_1597275406.jpg?type=m510
7003952922,https://shop-phinf.pstatic.net/20220805_289/1659673032470t3lhn_JPEG/60808928203469515_497449179.jpg?type=m510
7003949271,https://shop-phinf.pstatic.net/20220805_141/1659672854777UmwbI_JPEG/60808750511647385_450256893.jpg?type=m510
6999798110,https://shop-phinf.pstatic.net/20220804_258/1659595804439L94jF_JPEG/60731693148526935_2052683817.jpg?type=m510
6999794392,https://shop-phinf.pstatic.net/20220804_297/1659595727883RN6cw_JPEG/60731616575692320_588173503.jpg?type=m510
6999791151,https://shop-phinf.pstatic.net/20220804_166/1659595554289vo1is_JPEG/60731442976862838_364794449.jpg?type=m510
6999781758,https://shop-phinf.pstatic.net/20220804_174/1659595349391WAwC6_JPEG/60731238077548210_796909787.jpg?type=m510
6999775360,https://shop-phinf.pstatic.net/20220804_254/1659595256734bW2c1_JPEG/60731145426934901_1153254982.jpg?type=m510
6999768065,https://shop-phinf.pstatic.net/20220804_127/1659594890678hSWLn_JPEG/60730789364912610_539917621.jpg?type=m510
6999251426,https://shop-phinf.pstatic.net/20220804_257/16595864316929L5wb_JPEG/60722320402336666_770563203.jpg?type=m510
6999232357,https://shop-phinf.pstatic.net/20220804_267/16595858989189YHMH_JPEG/60721787577131709_928677445.jpg?type=m510
6999037144,https://shop-phinf.pstatic.net/20220804_198/1659581566902pIayP_JPEG/60717400697030669_1803883369.jpg?type=m510
6999028723,https://shop-phinf.pstatic.net/20220804_142/1659581462038K6GAm_JPEG/60717295857283089_1386615071.jpg?type=m510
6970040459,https://shop-phinf.pstatic.net/20220728_197/1658988301150M0Cpu_JPEG/60124189861223138_750578146.jpg?type=m510
6970027826,https://shop-phinf.pstatic.net/20220728_194/16589880044341yYkJ_JPEG/60123893122937995_1623710049.jpg?type=m510
6970018287,https://shop-phinf.pstatic.net/20220728_135/1658987520968A2crL_JPEG/60123409665247043_1249713660.jpg?type=m510
6937684624,https://shop-phinf.pstatic.net/20220427_198/16510272606695TUll_JPEG/52163159364241548_728959193.jpg?type=m510
6929846565,https://shop-phinf.pstatic.net/20220718_185/1658119793585mRAAi_JPEG/59255577290054026_2084250037.jpg?type=m510
6929843585,https://shop-phinf.pstatic.net/20220718_258/1658120162076RlxLe_JPEG/59256057799210403_1940952111.jpg?type=m510
6918918352,error
6918895602,https://shop-phinf.pstatic.net/20220715_205/1657861660896mWynI_JPEG/58997556614429269_2108783016.jpg?type=m510
6918882420,https://shop-phinf.pstatic.net/20220715_299/1657861428147yGPmF_JPEG/58997323881278210_161724420.jpg?type=m510
6910764676,https://shop-phinf.pstatic.net/20220713_246/16576766863187CA21_JPEG/58812470030313685_2030747702.jpg?type=m510
6907080489,https://shop-phinf.pstatic.net/20220712_293/1657608462200anYcV_JPEG/58744357936161149_817313221.jpg?type=m510
6877379039,https://shop-phinf.pstatic.net/20220705_26/16569947867302KG5s_JPEG/58130614551519163_373544043.jpg?type=m510
6873140185,https://shop-phinf.pstatic.net/20220718_166/1658112078100bdM1R_JPEG/59247966801031987_238831843.jpg?type=m510
6861704215,https://shop-phinf.pstatic.net/20220701_149/1656648828744769PQ_JPEG/57784612460199249_1528415358.jpg?type=m510
6861698292,https://shop-phinf.pstatic.net/20220701_171/1656648702218s41N7_JPEG/57784485933861748_1932248486.jpg?type=m510
6861695711,https://shop-phinf.pstatic.net/20220701_100/1656648354546cSuPG_JPEG/57784138261311130_310477099.jpg?type=m510
6853827026,https://shop-phinf.pstatic.net/20220629_14/1656479268834Iue4P_JPEG/57615111534105546_2078353008.jpg?type=m510
6853818642,https://shop-phinf.pstatic.net/20220629_20/1656479160820qOERs_JPEG/57615003382040599_363035620.jpg?type=m510
6853814811,https://shop-phinf.pstatic.net/20220629_58/1656479089051PGLSo_JPEG/57614931370982486_998318151.jpg?type=m510
6853805802,https://shop-phinf.pstatic.net/20220629_79/1656478892262EQE5D_JPEG/57614734976197147_1729284944.jpg?type=m510
6853799294,https://shop-phinf.pstatic.net/20220629_228/1656478767433dob8J_JPEG/57614610147665904_1983259537.jpg?type=m510
6853794548,https://shop-phinf.pstatic.net/20220629_81/1656478657316D4PB2_JPEG/57614500029938500_1089943320.jpg?type=m510
6853735343,https://shop-phinf.pstatic.net/20220629_101/1656477291402sPa9f_JPEG/57613187121536600_1985771961.jpg?type=m510
6834690454,https://shop-phinf.pstatic.net/20220624_220/16560464784447LI9E_JPEG/57182374159889148_1933059839.jpg?type=m510
6834683839,https://shop-phinf.pstatic.net/20220624_164/1656046162977HEcoj_JPEG/57182058710581407_95085234.jpg?type=m510
6822209555,https://shop-phinf.pstatic.net/20220621_46/1655789907817UeJ2e_JPEG/56925687540624660_1104407369.jpg?type=m510
6780156007,https://shop-phinf.pstatic.net/20220610_72/1654834224719RyAeD_JPEG/55970113417230451_1849863863.jpg?type=m510
6780135556,https://shop-phinf.pstatic.net/20220610_55/16548330592489NNGy_JPEG/55968947892717701_396663525.jpg?type=m510
6779898289,https://shop-phinf.pstatic.net/20220610_82/1654827994679HP0fg_JPEG/55963890164405712_1808768045.jpg?type=m510
6748050424,https://shop-phinf.pstatic.net/20220602_185/16541474108737J362_JPEG/55283244451425516_656564673.jpg?type=m510
6748041533,https://shop-phinf.pstatic.net/20220602_81/1654147010690a5LLw_JPEG/55282844499333640_717613056.jpg?type=m510
6724463008,https://shop-phinf.pstatic.net/20220527_274/1653617314390mSwjA_JPEG/54753157103104483_1772135527.jpg?type=m510
6724375783,https://shop-phinf.pstatic.net/20220527_159/16536154506788YfuC_JPEG/54751234147342795_930220114.jpg?type=m510
6720005532,https://shop-phinf.pstatic.net/20220526_176/1653530519570PY43z_JPEG/54666365285347246_2054004389.jpg?type=m510
6719963867,https://shop-phinf.pstatic.net/20220526_138/1653529721161PwVnc_JPEG/54665504860367226_919230731.jpg?type=m510
6719947040,https://shop-phinf.pstatic.net/20220526_54/165352927454724Vy6_JPEG/54665058247627785_951006953.jpg?type=m510
6708068325,https://shop-phinf.pstatic.net/20220523_224/1653287561665npCW8_JPEG/54423457139311973_1313469334.jpg?type=m510
6708064745,https://shop-phinf.pstatic.net/20220523_238/1653287284526p7vHT_JPEG/54423179284899540_1787239723.jpg?type=m510
6707323717,https://shop-phinf.pstatic.net/20220523_295/1653271477556wVek4_JPEG/54407376264769869_1061506108.jpg?type=m510
6707319396,https://shop-phinf.pstatic.net/20220523_210/1653271290436QrqxL_JPEG/54407189130200523_981073436.jpg?type=m510
6696466770,https://shop-phinf.pstatic.net/20220520_282/1653027519049bhdRv_JPEG/54163407759817498_1425957847.jpg?type=m510
6696463213,https://shop-phinf.pstatic.net/20220520_94/16530273091688aCNE_JPEG/54163197853417875_2113355742.jpg?type=m510
6696129784,https://shop-phinf.pstatic.net/20220520_266/1653019972554cjbKA_JPEG/54155861264447113_1979476176.jpg?type=m510
6696125803,https://shop-phinf.pstatic.net/20220520_184/1653019620369HIlCo_JPEG/54155509067810613_1653759091.jpg?type=m510
6692401588,https://shop-phinf.pstatic.net/20220519_265/1652943248481KlMUm_JPEG/54079083306049456_957819778.jpg?type=m510
6692227922,https://shop-phinf.pstatic.net/20220519_252/1652939919295bXNWF_JPEG/54075816899392148_1853777708.jpg?type=m510
6691743364,https://shop-phinf.pstatic.net/20220519_246/1652927179326HRb93_JPEG/54063014160995520_245625472.jpg?type=m510
6688078478,https://shop-phinf.pstatic.net/20220518_95/1652852304388IPbSL_JPEG/53988147083080082_1585874339.jpg?type=m510
6683990388,https://shop-phinf.pstatic.net/20220517_53/1652768725714cprNN_JPEG/53904505425426507_498568313.jpg?type=m510
6683913339,https://shop-phinf.pstatic.net/20220517_89/1652768192101hvk0J_JPEG/53904087836666112_185000421.jpg?type=m510
6683812088,https://shop-phinf.pstatic.net/20220517_98/1652765922487hsiW9_JPEG/53901757322693262_469959181.jpg?type=m510
6683399112,https://shop-phinf.pstatic.net/20220516_273/1652681878348pblES_JPEG/53817766984523433_1337957446.jpg?type=m510
6683397891,https://shop-phinf.pstatic.net/20220516_221/1652679328848ANEMd_JPEG/53815162658126946_1255463245.jpg?type=m510
6683274074,https://shop-phinf.pstatic.net/20220516_141/1652674650760p5QgV_JPEG/53810546249209075_338893043.jpg?type=m510
6683263502,https://shop-phinf.pstatic.net/20220516_98/16526683439128J6tu_JPEG/53804232624825507_1080012577.jpg?type=m510
6683082151,https://shop-phinf.pstatic.net/20220517_124/1652753199693jTSxB_JPEG/53889034468169928_342888292.jpg?type=m510
6668181729,https://shop-phinf.pstatic.net/20220513_292/1652421650705sLGfU_JPEG/53557493418532964_453108100.jpg?type=m510
6664311805,error
6601547735,https://shop-phinf.pstatic.net/20220427_271/1651038268114md8cr_JPEG/52174166804889907_1856934874.jpg?type=m510
6601007356,https://shop-phinf.pstatic.net/20220427_195/16510275374856rFPV_JPEG/52163436162760859_990768026.jpg?type=m510
6600999033,https://shop-phinf.pstatic.net/20220427_198/16510272606695TUll_JPEG/52163159364241548_728959193.jpg?type=m510
6600987525,https://shop-phinf.pstatic.net/20220427_261/1651026971667yJJ6m_JPEG/52162870376446096_1209696738.jpg?type=m510
6596480656,https://shop-phinf.pstatic.net/20220426_34/16509383222187s7ak_JPEG/52074167572704471_7356787.jpg?type=m510
6593051780,https://shop-phinf.pstatic.net/20220425_237/1650867369308ghXBl_JPEG/52003267779367911_115307352.jpg?type=m510
6592822088,https://shop-phinf.pstatic.net/20220425_87/1650861920898gYlxD_JPEG/51997754708595790_1662030838.jpg?type=m510
6592813081,https://shop-phinf.pstatic.net/20220425_222/1650861710320F6Roj_JPEG/51997544139700476_1036213816.jpg?type=m510
6592379760,https://shop-phinf.pstatic.net/20220425_125/1650852238123dpQOd_JPEG/51988126832318934_488041001.jpg?type=m510
6581245831,https://shop-phinf.pstatic.net/20220422_222/1650609323669OhXh1_JPEG/51745103293382847_1963145048.jpg?type=m510
6581174388,https://shop-phinf.pstatic.net/20220422_152/1650607431368Bppxz_JPEG/51743273829582426_2110844442.jpg?type=m510
6580885122,https://shop-phinf.pstatic.net/20220422_260/1650601008931QdwtU_JPEG/51736907431004902_876054023.jpg?type=m510
6576547781,https://shop-phinf.pstatic.net/20220421_68/1650521339260Y62QQ_JPEG/51657181967897888_1080816715.jpg?type=m510
6566804454,https://shop-phinf.pstatic.net/20220419_57/1650335949731n1kCK_JPEG/51471848411235211_765146560.jpg?type=m510
6562882039,https://shop-phinf.pstatic.net/20220418_164/1650265002720fCYjz_JPEG/51400836528374431_1113459451.jpg?type=m510
6562698741,https://shop-phinf.pstatic.net/20220418_93/1650260803237vVC8C_JPEG/51396582936381715_1728996820.jpg?type=m510
6545636998,https://shop-phinf.pstatic.net/20220414_5/1649911224871zjvCd_JPEG/51047067247061455_90503245.jpg?type=m510
6545632884,https://shop-phinf.pstatic.net/20220414_128/1649911062798UD0As_JPEG/51046905509516327_1470785222.jpg?type=m510
6545627853,https://shop-phinf.pstatic.net/20220414_48/1649910893255C0aHG_JPEG/51046735705883767_1809311829.jpg?type=m510
6541104683,https://shop-phinf.pstatic.net/20220413_31/1649826293574i2r5Y_JPEG/50962189291350143_2112492100.jpg?type=m510
6541102365,https://shop-phinf.pstatic.net/20220413_170/1649826009924o6W6X_JPEG/50961905578810452_325031412.jpg?type=m510
6541092106,https://shop-phinf.pstatic.net/20220413_6/1649825928549F1Ykc_JPEG/50961824033426891_1386664164.jpg?type=m510
6541088519,https://shop-phinf.pstatic.net/20220413_150/16498258345177ynBq_JPEG/50961730253010418_2112864902.jpg?type=m510
6541084869,https://shop-phinf.pstatic.net/20220413_152/1649825575180iapfS_JPEG/50961470914274512_777740527.jpg?type=m510
6536935397,https://shop-phinf.pstatic.net/20220412_156/1649740836805lpHKG_JPEG/50876664629316374_1805307005.jpg?type=m510
6536930120,https://shop-phinf.pstatic.net/20220412_207/1649740676261Oqen8_JPEG/50876503827539108_796091572.jpg?type=m510
6536924763,error
6536918502,https://shop-phinf.pstatic.net/20220412_168/1649740175881DsWbA_JPEG/50876003686831477_1791426612.jpg?type=m510
6536896940,https://shop-phinf.pstatic.net/20220412_241/1649739492451acBiy_JPEG/50875388020708059_1144029235.jpg?type=m510
6532528771,https://shop-phinf.pstatic.net/20220411_45/1649655485387HJiGT_JPEG/50791384077935602_744281588.jpg?type=m510
6532513363,https://shop-phinf.pstatic.net/20220411_48/1649655076533syqxY_JPEG/50790859972076397_809443199.jpg?type=m510
6531699785,https://shop-phinf.pstatic.net/20220411_55/1649638621631fuXkt_JPEG/50774517056959211_127229353.jpg?type=m510
6531677239,https://shop-phinf.pstatic.net/20220411_28/1649638366352ndTX1_JPEG/50774262083865029_68601899.jpg?type=m510
6520695639,https://shop-phinf.pstatic.net/20220408_261/164939650215686pqj_JPEG/50532400844024079_1920887903.jpg?type=m510
6520690982,https://shop-phinf.pstatic.net/20220408_200/1649396253298lE90c_JPEG/50532152005238899_2095912061.jpg?type=m510
6510886406,https://shop-phinf.pstatic.net/20220406_128/164921947734645E2s_JPEG/100282_1.jpg?type=m510
6507139169,https://shop-phinf.pstatic.net/20211027_119/163532736038995iDf_JPEG/36463195213857895_1786534528.jpg?type=m510
6502270628,https://shop-phinf.pstatic.net/20220404_44/1649048058104aYc5k_JPEG/100279_1.jpg?type=m510
6474242315,https://shop-phinf.pstatic.net/20220329_40/1648530824476aN1yB_JPEG/49666670184227975_1726125206.jpg?type=m510
6474209574,https://shop-phinf.pstatic.net/20220329_80/1648530561098d0Usn_JPEG/49666406818017942_174462998.jpg?type=m510
6474166540,https://shop-phinf.pstatic.net/20220329_284/1648529924884Y0lOD_JPEG/49665758705609764_1647651901.jpg?type=m510
6428783259,https://shop-phinf.pstatic.net/20220318_153/1647582007003TiJKm_JPEG/48717895710871470_1360115748.jpg?type=m510
6428780215,https://shop-phinf.pstatic.net/20220318_119/1647581935541a5uKA_JPEG/48717824252189968_1842626603.jpg?type=m510
6428776010,https://shop-phinf.pstatic.net/20220318_266/1647581877610VPrg6_JPEG/48717766309560198_1275163395.jpg?type=m510
6428773062,https://shop-phinf.pstatic.net/20220318_288/1647581824540Vs1aP_JPEG/48717713153287542_1559980924.jpg?type=m510
6428756710,https://shop-phinf.pstatic.net/20220318_120/1647581567598XAex0_JPEG/48717456310403826_783552806.jpg?type=m510
6428750673,https://shop-phinf.pstatic.net/20220318_183/1647581451976OSnPd_JPEG/48717340681368856_1393936954.jpg?type=m510
6428747495,https://shop-phinf.pstatic.net/20220318_110/16475808896098yjpx_JPEG/48716669332407410_169211766.jpg?type=m510
6428706522,https://shop-phinf.pstatic.net/20220318_168/164758080098713gEd_JPEG/48716580430137610_2092539124.jpg?type=m510
6428700734,https://shop-phinf.pstatic.net/20220318_15/16475806794006abBr_JPEG/48716459113183274_1804438790.jpg?type=m510
6428696008,https://shop-phinf.pstatic.net/20220318_172/1647580610778BGntz_JPEG/48716390442224492_13576206.jpg?type=m510
6428692519,https://shop-phinf.pstatic.net/20220318_101/1647580535252mV5U1_JPEG/48716314189299650_1533776425.jpg?type=m510
6428686038,https://shop-phinf.pstatic.net/20220318_86/1647580379819R3kul_JPEG/48716159297926454_1793215576.jpg?type=m510
6419980764,https://shop-phinf.pstatic.net/20220316_198/1647410184981cWkTY_JPEG/48546018801957505_1643099651.jpg?type=m510
6395721345,https://shop-phinf.pstatic.net/20220310_12/1646890615246T9Mef_JPEG/48026398962738300_342066235.jpg?type=m510
6395715499,https://shop-phinf.pstatic.net/20220310_297/1646890408067SdiIK_JPEG/48026191506096079_169639908.jpg?type=m510
6395710838,https://shop-phinf.pstatic.net/20220310_154/16468903027215aH8d_JPEG/48026086418492958_532654278.jpg?type=m510
6373556274,https://shop-phinf.pstatic.net/20220305_208/1646408282712z59zr_JPEG/47544117523929913_300859241.jpg?type=m510
6373540314,https://shop-phinf.pstatic.net/20220305_177/1646408201414cTP3z_JPEG/47544036230437929_69447983.jpg?type=m510
6373528477,https://shop-phinf.pstatic.net/20220305_44/1646408120285o6syO_JPEG/47543954902929417_2042577038.jpg?type=m510
6373521572,https://shop-phinf.pstatic.net/20220305_153/1646408034461hw5JC_JPEG/47543869294628598_1384388014.jpg?type=m510
6373518988,https://shop-phinf.pstatic.net/20220305_190/1646407947805HM4VV_JPEG/47543782430085568_52880050.jpg?type=m510
6373516508,https://shop-phinf.pstatic.net/20220305_171/1646407843705vRVTG_JPEG/47543678513337572_874044131.jpg?type=m510
6373513838,https://shop-phinf.pstatic.net/20220305_280/1646407734141mwkUz_JPEG/47543568957322111_965075963.jpg?type=m510
6373506257,https://shop-phinf.pstatic.net/20220305_201/1646407319820mSME4_JPEG/47543162507865798_1011041943.jpg?type=m510
6373497427,https://shop-phinf.pstatic.net/20220305_130/1646406966564JXCzm_JPEG/47542865247459063_583345095.jpg?type=m510
6373494527,https://shop-phinf.pstatic.net/20220305_122/16464067215298Wy53_JPEG/47542620223887988_956699101.jpg?type=m510
6355294618,https://shop-phinf.pstatic.net/20220228_176/1646031272491KIkuP_JPEG/47167118190846684_1770058759.jpg?type=m510
6355290255,https://shop-phinf.pstatic.net/20220228_10/1646031187693UFeTR_JPEG/47167033176833089_1485015629.jpg?type=m510
6355286690,https://shop-phinf.pstatic.net/20220228_34/1646031106189L6h4W_JPEG/47166951889114460_801179040.jpg?type=m510
6355282939,https://shop-phinf.pstatic.net/20220228_226/1646031006117VH8k3_JPEG/47166851834817345_1991115942.jpg?type=m510
6355276763,https://shop-phinf.pstatic.net/20220228_3/1646030916614LnL7L_JPEG/47166762125901463_1814234.jpg?type=m510
6355271432,https://shop-phinf.pstatic.net/20220228_149/1646030736536p5zPa_JPEG/47166582027427770_2047878912.jpg?type=m510
6355263672,https://shop-phinf.pstatic.net/20220228_142/16460304509688yt4J_JPEG/47166296671724285_113568715.jpg?type=m510
6355246975,https://shop-phinf.pstatic.net/20220228_205/1646030120745YaBpP_JPEG/47165966463645005_696668111.jpg?type=m510
6332853713,https://shop-phinf.pstatic.net/20220222_233/1645497001636MJEDS_JPEG/46632836238141485_1729349863.jpg?type=m510
6332848844,https://shop-phinf.pstatic.net/20220222_279/1645496875110inVeh_JPEG/46632709930873203_1027936986.jpg?type=m510
6332835121,https://shop-phinf.pstatic.net/20220222_38/1645496673406r5B90_JPEG/46632508048704941_2030843330.jpg?type=m510
6332819518,https://shop-phinf.pstatic.net/20220222_81/1645496434676WIksU_JPEG/46632269495918494_563351953.jpg?type=m510
6332809148,https://shop-phinf.pstatic.net/20220222_199/1645496349634y4Emr_JPEG/46632184441851713_1348321298.jpg?type=m510
6332799284,https://shop-phinf.pstatic.net/20220222_269/1645495846772apgwX_JPEG/46631681603006244_307461253.jpg?type=m510
6299968780,https://shop-phinf.pstatic.net/20220214_206/1644817090963CSqII_JPEG/45952924644576702_47451459.jpg?type=m510
6299944848,https://shop-phinf.pstatic.net/20220214_202/1644816667530zcUH9_JPEG/45952501120202632_1084428736.jpg?type=m510
6285628369,https://shop-phinf.pstatic.net/20220210_26/1644475579262e0sm1_JPEG/45611467972155011_1468143952.jpg?type=m510
6285602478,https://shop-phinf.pstatic.net/20220210_177/1644474856838rkAjh_JPEG/45610745545117020_1185271693.jpg?type=m510
6285597223,https://shop-phinf.pstatic.net/20220210_49/16444748352861WD8N_JPEG/45610723995429343_1604061191.jpg?type=m510
6285591519,https://shop-phinf.pstatic.net/20220210_190/164447483053728suW_JPEG/45610719015689111_223186976.jpg?type=m510
6285584337,https://shop-phinf.pstatic.net/20220210_291/1644474826493Hgh1j_JPEG/45610715147642213_1076397769.jpg?type=m510
6285578092,https://shop-phinf.pstatic.net/20220210_250/16444748218324mgWJ_JPEG/45610710338026423_1987695829.jpg?type=m510
6280462673,https://shop-phinf.pstatic.net/20220209_271/1644386496786iv3SP_JPEG/45522339469196653_259983368.jpg?type=m510
6272046509,https://shop-phinf.pstatic.net/20220207_242/1644196833771CasEM_JPEG/45332729493904363_1550953211.jpg?type=m510
6257105301,https://shop-phinf.pstatic.net/20220203_116/1643867417611ohLz3_JPEG/45003260325300428_1199671419.jpg?type=m510
6257096171,https://shop-phinf.pstatic.net/20220203_217/1643867413104KeCGK_JPEG/45003255818604057_775574120.jpg?type=m510
6204861394,https://shop-phinf.pstatic.net/20220119_86/1642560835629Xz8Ad_JPEG/43696734338079494_1794270959.jpg?type=m510
6204857436,https://shop-phinf.pstatic.net/20220119_277/1642560721209Enwyc_JPEG/43696619903990531_926571601.jpg?type=m510
6187845978,https://shop-phinf.pstatic.net/20220114_146/16421361459881OkS7_JPEG/43271979514217058_641992236.jpg?type=m510
6156829129,https://shop-phinf.pstatic.net/20220105_145/1641357049595dPmPx_JPEG/42492948093997007_546415609.jpg?type=m510
6156823288,https://shop-phinf.pstatic.net/20220105_283/1641356944415zWIB9_JPEG/42492843122698124_1079783068.jpg?type=m510
6156816950,https://shop-phinf.pstatic.net/20220105_263/164135686864934SPj_JPEG/42492767130511516_730492036.jpg?type=m510
6156810446,https://shop-phinf.pstatic.net/20220105_101/1641355158311HSMj8_JPEG/42491056761088257_111151529.jpg?type=m510
6156668940,https://shop-phinf.pstatic.net/20220105_69/1641355058925HoImQ_JPEG/42490957605101131_1496907685.jpg?type=m510
6156657671,https://shop-phinf.pstatic.net/20220105_156/1641354758657HvaxG_JPEG/42490657153860323_74510060.jpg?type=m510
6139254992,https://shop-phinf.pstatic.net/20220111_263/1641878277133BAPMQ_JPEG/43014104959765004_488661860.jpg?type=m510
6139251602,https://shop-phinf.pstatic.net/20220111_53/1641878287641YRAR4_JPEG/43014115462721486_1734895417.jpg?type=m510
6139248486,https://shop-phinf.pstatic.net/20220111_119/1641878283694jTY2f_JPEG/43014111522517860_829489200.jpg?type=m510
6139230706,https://shop-phinf.pstatic.net/20220111_226/1641878471395F17GW_JPEG/43014299221123699_1661459417.jpg?type=m510
6139227693,https://shop-phinf.pstatic.net/20220111_241/1641878481281JNcxz_JPEG/43014309108942181_549741867.jpg?type=m510
6113864946,https://shop-phinf.pstatic.net/20211221_197/1640063296798xVipH_JPEG/41199080493107377_1242994976.jpg?type=m510
6113856491,https://shop-phinf.pstatic.net/20211221_245/1640063292485KbNGy_JPEG/41199076181694089_1258880063.jpg?type=m510
6113849715,https://shop-phinf.pstatic.net/20211221_245/1640062943779LwnBz_JPEG/41198727484135836_1855519535.jpg?type=m510
6110884979,https://shop-phinf.pstatic.net/20211220_50/1639980393651GTeTe_JPEG/41116221478234877_1720854345.jpg?type=m510
6102902314,https://shop-phinf.pstatic.net/20211217_96/1639718644774490Tq_JPEG/40854472381469963_1190950798.jpg?type=m510
6102887046,https://shop-phinf.pstatic.net/20211217_128/1639718640476svzc5_JPEG/40854467860470353_442253240.jpg?type=m510
6079752429,https://shop-phinf.pstatic.net/20211209_246/16390299713742NuNo_JPEG/40165814033065801_1745215072.jpg?type=m510
6062916363,https://shop-phinf.pstatic.net/20211203_188/1638509042857rCrFX_JPEG/39644877691766504_1489083040.jpg?type=m510
6062910732,https://shop-phinf.pstatic.net/20211203_36/1638508785554V0pSx_JPEG/39644620387787159_785395649.jpg?type=m510
6062904899,https://shop-phinf.pstatic.net/20211203_187/1638508354511gHkgo_JPEG/39644188915799095_835419579.jpg?type=m510
6062898281,https://shop-phinf.pstatic.net/20211203_162/1638508247756vWhFN_JPEG/39644082568156062_1036552144.jpg?type=m510
6043138136,https://shop-phinf.pstatic.net/20211126_250/1637900678926Gdnst_JPEG/39036462641030539_275973612.jpg?type=m510
6040554577,https://shop-phinf.pstatic.net/20211125_9/1637814630252J7MSA_JPEG/38950458056254719_2134980612.jpg?type=m510
6040552030,https://shop-phinf.pstatic.net/20211125_166/163781462624539meJ_JPEG/38950453853770871_1886296067.jpg?type=m510
6040546430,https://shop-phinf.pstatic.net/20211125_171/163781461967492eIh_JPEG/38950447254560615_1912943879.jpg?type=m510
6040531830,https://shop-phinf.pstatic.net/20211125_157/16378142275020mCEq_JPEG/38950073192040273_2019530908.jpg?type=m510
6040359807,https://shop-phinf.pstatic.net/20211125_230/1637809675719ywjLw_JPEG/38945564427784162_632556331.jpg?type=m510
6040343715,https://shop-phinf.pstatic.net/20211125_150/1637809234485CFacE_JPEG/38945080190700846_578368068.jpg?type=m510
6032193042,https://shop-phinf.pstatic.net/20211122_285/1637564274578baWhz_JPEG/38700117277138695_1417761557.jpg?type=m510
6032140925,https://shop-phinf.pstatic.net/20211122_128/1637563267735xBGon_JPEG/38699110445409848_287502899.jpg?type=m510
6000864016,https://shop-phinf.pstatic.net/20211110_16/1636521890618nd7Fp_JPEG/37657670341405284_696810846.jpg?type=m510
6000858721,https://shop-phinf.pstatic.net/20211110_124/1636521884540Nt74W_JPEG/37657664264210547_1772143404.jpg?type=m510
5980091056,https://shop-phinf.pstatic.net/20211103_57/1635902678452ALB3P_JPEG/37038512253308780_266912241.jpg?type=m510
5975053239,https://shop-phinf.pstatic.net/20211101_271/1635748024566NoEfW_JPEG/36883913257622470_674829402.jpg?type=m510
5974811363,https://shop-phinf.pstatic.net/20211101_197/1635743554835fv9gm_JPEG/36879338535386049_352228488.jpg?type=m510
5964772592,https://shop-phinf.pstatic.net/20211103_129/1635907513293Ggn6j_JPEG/37043358994510591_1559711013.jpg?type=m510
5964769967,https://shop-phinf.pstatic.net/20211103_24/16359075186474tonU_JPEG/37043364345656589_2113161169.jpg?type=m510
5963333950,https://shop-phinf.pstatic.net/20211027_62/1635327075073wlz9t_JPEG/36462909885995812_1114619182.jpg?type=m510
5963320054,https://shop-phinf.pstatic.net/20211027_119/163532736038995iDf_JPEG/36463195213857895_1786534528.jpg?type=m510
5963302447,https://shop-phinf.pstatic.net/20211027_84/1635327060037LjVWa_JPEG/36462894863943852_1204209867.jpg?type=m510
5962782926,https://shop-phinf.pstatic.net/20211027_247/1635311710918gfyRK_JPEG/36447556638177464_230435604.jpg?type=m510
5962776140,https://shop-phinf.pstatic.net/20211027_95/1635311196469evU0z_JPEG/36447042175193833_501830096.jpg?type=m510
5962443411,https://shop-phinf.pstatic.net/20211027_140/1635311165469mYJJV_JPEG/36447011161128510_622155436.jpg?type=m510
5962428901,https://shop-phinf.pstatic.net/20211027_123/1635311186791ARYtN_JPEG/36447032479319761_694047849.jpg?type=m510
5960962548,https://shop-phinf.pstatic.net/20211027_116/1635267928166QvoYE_JPEG/36403826875602789_1013164853.jpg?type=m510
5960961086,https://shop-phinf.pstatic.net/20211027_176/1635267920465pY30h_JPEG/36403819171970870_1963626648.jpg?type=m510
5960889864,https://shop-phinf.pstatic.net/20211027_128/1635263534016p6DvU_JPEG/36399379708348776_247283514.jpg?type=m510
5960888387,https://shop-phinf.pstatic.net/20211027_59/1635263526540TgvE1_JPEG/36399372230325093_938897083.jpg?type=m510
5940926708,https://shop-phinf.pstatic.net/20211019_65/1634609694095ULksI_JPEG/35745582786173464_892657253.jpg?type=m510
5940923933,https://shop-phinf.pstatic.net/20211019_255/1634609687815wMatF_JPEG/35745576182896055_1686860634.jpg?type=m510
5940908088,https://shop-phinf.pstatic.net/20211019_286/1634609241354lgAfv_JPEG/35745130060630231_1853335347.jpg?type=m510
5940893729,https://shop-phinf.pstatic.net/20211019_142/1634609236306sT4So_JPEG/35745125016876823_627212689.jpg?type=m510
5940868998,https://shop-phinf.pstatic.net/20211019_121/1634608685817Q71rz_JPEG/35744574504230565_151127381.jpg?type=m510
5940863513,https://shop-phinf.pstatic.net/20211019_96/1634608680171mucqN_JPEG/35744568727096452_2141096976.jpg?type=m510
5940854583,https://shop-phinf.pstatic.net/20211019_291/16346086741105LOF1_JPEG/35744562773587335_1806926597.jpg?type=m510
5940830533,https://shop-phinf.pstatic.net/20211019_253/1634607271539zfoUL_JPEG/35743170239363875_368004203.jpg?type=m510
5940825834,https://shop-phinf.pstatic.net/20211019_221/1634607264650JfMAP_JPEG/35743163337134758_1603905051.jpg?type=m510
5940819394,https://shop-phinf.pstatic.net/20211019_283/1634607257755xkO9x_JPEG/35743156287431657_1809373020.jpg?type=m510
5937930802,https://shop-phinf.pstatic.net/20211018_129/16345351816325ToIg_JPEG/35670965347214200_1340165107.jpg?type=m510
5936667880,https://shop-phinf.pstatic.net/20211018_87/1634520154005yOzP1_JPEG/35656052715538464_1394252189.jpg?type=m510
5936656385,https://shop-phinf.pstatic.net/20211018_168/1634520147631OMguF_JPEG/35656046107668248_334767408.jpg?type=m510
5909162689,https://shop-phinf.pstatic.net/20211006_243/1633496684240lma7U_JPEG/34632467951803830_600476332.jpg?type=m510
5906174758,https://shop-phinf.pstatic.net/20211005_190/1633408722745kWdiF_JPEG/34544621457147373_433043648.jpg?type=m510
5906170564,https://shop-phinf.pstatic.net/20211005_179/1633408716782a79Tv_JPEG/34544615306796258_1266132694.jpg?type=m510
5906152690,https://shop-phinf.pstatic.net/20211005_128/16334087099150Xqmb_JPEG/34544608079505754_466032704.jpg?type=m510
5906139471,https://shop-phinf.pstatic.net/20211005_61/1633407657414LBCUC_JPEG/34543553135680555_640791648.jpg?type=m510
5881047238,https://shop-phinf.pstatic.net/20210924_96/1632458556143GL5r8_JPEG/33594339858567653_871318135.jpg?type=m510
5784698338,https://shop-phinf.pstatic.net/20210812_295/1628746274706poV6E_JPEG/29882117402931458_1325512638.jpg?type=m510
5759878584,https://shop-phinf.pstatic.net/20210802_83/1627882999419q6cRL_JPEG/29018783134536845_368974787.jpg?type=m510
5747286784,https://shop-phinf.pstatic.net/20210727_106/1627364864891LBlVn_JPEG/28500644597021339_393065345.jpg?type=m510
5747281711,https://shop-phinf.pstatic.net/20210727_42/16273646770887GRUy_JPEG/28500456811047405_589108897.jpg?type=m510
5747272446,https://shop-phinf.pstatic.net/20210727_122/1627364248040l4sNt_JPEG/28500027749479912_1165728480.jpg?type=m510
5744764652,https://shop-phinf.pstatic.net/20210726_244/1627276561385sUcqh_JPEG/28412345101884089_1878396507.jpg?type=m510
5744753351,https://shop-phinf.pstatic.net/20210726_133/1627276345345DPSuN_JPEG/28412128922972847_1041433229.jpg?type=m510
5744743562,https://shop-phinf.pstatic.net/20210726_178/1627276102230LVR6q_JPEG/28411885851631099_436711721.jpg?type=m510
5738967851,https://shop-phinf.pstatic.net/20210723_234/1627020617487tTlWJ_JPEG/28156463206591072_1473026973.jpg?type=m510
5738367508,https://shop-phinf.pstatic.net/20210802_256/1627866180406qlwBv_JPEG/29001964103202809_1162829524.jpg?type=m510
5736432094,https://shop-phinf.pstatic.net/20210722_33/1626930024229C3oCH_JPEG/28065803571812363_1705040648.jpg?type=m510
5734001778,https://shop-phinf.pstatic.net/20210721_31/16268483061993F65h_JPEG/27984089692843124_483064299.jpg?type=m510
5731581828,https://shop-phinf.pstatic.net/20211014_55/1634186812835KH9Ma_JPEG/35322640653368668_2133242102.jpg?type=m510
5731407485,https://shop-phinf.pstatic.net/20210720_176/1626756827129UB2L7_JPEG/27892725228232838_1293811557.jpg?type=m510
5728829382,https://shop-phinf.pstatic.net/20210719_283/16266735010077VNdv_JPEG/27809280538606184_1538395443.jpg?type=m510
5728747743,https://shop-phinf.pstatic.net/20210719_48/1626670977516bjqzk_JPEG/27806761029668253_670096576.jpg?type=m510
5722566001,https://shop-phinf.pstatic.net/20210716_204/1626397031290ozAA0_JPEG/27532811014073794_742960216.jpg?type=m510
5720800222,https://shop-phinf.pstatic.net/20210715_195/1626329180709eIbAn_JPEG/27465076223693617_839686365.jpg?type=m510
5720658834,https://shop-phinf.pstatic.net/20210715_28/1626325015774bu0KI_JPEG/27460904469795492_551017120.jpg?type=m510
5720395682,https://shop-phinf.pstatic.net/20210715_50/1626318572473pXYqz_JPEG/27454407307029453_675213187.jpg?type=m510
5717589593,https://shop-phinf.pstatic.net/20210714_124/1626227745930b8IEF_JPEG/27363580763383915_824488938.jpg?type=m510
5715592128,https://shop-phinf.pstatic.net/20210713_141/16261503471255dLOz_JPEG/27286245837954260_1022385764.jpg?type=m510
5688745738,https://shop-phinf.pstatic.net/20210702_290/16252058677631eaJq_JPEG/26341701583435093_256973059.jpg?type=m510
5688721323,https://shop-phinf.pstatic.net/20210702_75/1625205548650G6E2k_JPEG/26341382299548352_882906521.jpg?type=m510
5681067224,error
5673155818,https://shop-phinf.pstatic.net/20210625_281/1624599507353h0us2_JPEG/25735335180518418_274726501.JPG?type=m510
5656475816,https://shop-phinf.pstatic.net/20210618_34/1623988473023CdENA_JPEG/25124306834487252_147810999.jpg?type=m510
5656447534,error
5656433346,https://shop-phinf.pstatic.net/20210618_94/1623987011017kb11T_JPEG/25122838848029862_677947408.jpg?type=m510
5656407137,https://shop-phinf.pstatic.net/20210618_122/16239867086417sLtk_JPEG/25122607352156643_584379600.jpg?type=m510
5656385909,error
5640709621,error
5607492528,error
5607477694,error
5607456672,error
5607432083,error
5607419422,error
5607407553,error
5607367346,error
5607347332,error
5584703214,https://shop-phinf.pstatic.net/20210513_17/1620893155398yaqkB_JPEG/22028998114814843_239682512.JPG?type=m510
5569182461,https://shop-phinf.pstatic.net/20220315_117/1647327205365efCUw_JPEG/48463093622807354_264963072.jpg?type=m510
5569165200,https://shop-phinf.pstatic.net/20220126_218/1643176111823HQarr_JPEG/44312010535508922_109080461.jpg?type=m510
5491670986,error
5426424218,error
5380938790,error
5380910250,error
5339058021,https://shop-phinf.pstatic.net/20220421_159/1650505280887KyI3m_JPEG/51641123597559134_684191070.jpg?type=m510
5339053808,error
5339047880,https://shop-phinf.pstatic.net/20210907_21/1630994560738pX0rH_JPEG/32130449438860952_401255022.jpg?type=m510
5339044779,error
5339020336,https://shop-phinf.pstatic.net/20210825_264/1629860494198gUQEF_JPEG/30996339915601044_1835931904.jpg?type=m510
5339015442,error
5339004878,error
5338994941,error
